email,first_name,last_name,company,title,website
lead1@example.test,Ava,Martinez,Brightline Dental,Owner,brightline.example.test
lead2@example.test,Ben,Okafor,Okafor Roofing,Founder,okaforroofing.example.test
lead3@example.test,Chloe,Nguyen,Harborview Law,Managing Partner,harborviewlaw.example.test
lead4@example.test,Daniel,Schmidt,Northpeak Fitness,Owner,northpeak.example.test
lead5@example.test,Emma,Rossi,Rossi & Co Accounting,Partner,rossico.example.test
lead6@example.test,Farah,Khan,Greenleaf Landscaping,Operations Lead,greenleaf.example.test
lead7@example.test,George,Ito,Ito Physio,Clinic Director,itophysio.example.test
lead8@example.test,Hannah,Lee,Copperpot Bakery,Owner,copperpot.example.test
lead9@example.test,Isaac,Mensah,Mensah Plumbing,Owner,mensahplumbing.example.test
lead10@example.test,Julia,Novak,Novak Interiors,Principal Designer,novakinteriors.example.test
